2,2017-11-26,489,434,25
3,2017-11-26,257,231,25
4,2017-11-26,205,56,-25
5,2017-11-26,108,273,25
6,2017-11-26,410,17,25
7,2017-11-26,184,190,-25
8,2017-11-26,324,57,25
9,2017-11-26,165,451,-25
10,2017-11-26,363,250,-25
11,2017-11-26,95,164,25
12,2017-11-26,127,253,25
13,2017-11-26,84,470,-25
14,2017-11-26,119,434,-25
15,2017-11-26,81,424,-25
16,2017-11-26,76,484,-25
17,2017-11-26,447,278,-25
18,2017-11-26,339,180,25
19,2017-11-26,92,176,-25
20,2017-11-26,335,255,25
21,2017-11-26,490,248,25
22,2017-11-26,213,263,25
23,2017-11-26,329,253,25
24,2017-11-26,455,89,25
25,2017-11-26,429,115,-25
26,2017-11-26,422,216,25
27,2017-11-26,48,357,-25
28,2017-11-26,188,187,-25
29,2017-11-26,352,309,-25
30,2017-11-26,388,290,-25
31,2017-11-26,263,427,25
32,2017-11-26,415,222,25
33,2017-11-26,426,499,25
34,2017-11-26,382,479,-25
35,2017-11-26,433,127,-25
36,2017-11-26,377,396,25
37,2017-11-26,130,236,25
38,2017-11-26,178,226,25
39,2017-11-26,261,7,25
40,2017-11-26,411,303,-25
41,2017-11-26,237,70,-25
42,2017-11-26,149,268,25
43,2017-11-26,40,110,25
44,2017-11-26,473,250,-25
45,2017-11-26,173,206,25
46,2017-11-26,218,25,25
47,2017-11-26,125,209,25
48,2017-11-26,427,26,-25
49,2017-11-26,418,452,25
50,2017-11-26,302,80,-25
51,2017-11-26,7,210,25
52,2017-11-26,476,316,-25
53,2017-11-26,310,325,25
54,2017-11-26,262,348,25
55,2017-11-26,324,141,25
56,2017-11-26,50,76,-25
57,2017-11-26,114,28,-25
58,2017-11-26,315,273,-25
59,2017-11-26,270,133,-25
60,2017-11-26,325,461,25
61,2017-11-26,309,222,25
62,2017-11-26,338,173,25
63,2017-11-26,351,129,25
64,2017-11-26,173,345,-25
65,2017-11-26,73,290,-25
66,2017-11-26,409,81,-25
67,2017-11-26,412,87,-25
68,2017-11-26,13,329,-25
69,2017-11-26,400,438,25
70,2017-11-26,460,259,-25
71,2017-11-26,246,10,-25
72,2017-11-26,98,41,-25
73,2017-11-26,377,447,-25
74,2017-11-26,146,15,25
75,2017-11-26,459,44,-25
76,2017-11-26,125,475,25
77,2017-11-26,209,61,25
78,2017-11-26,399,206,-25
79,2017-11-26,200,57,-25
80,2017-11-26,348,171,25
81,2017-11-26,156,444,25
82,2017-11-26,248,308,25
83,2017-11-26,363,441,25
84,2017-11-26,475,148,25
85,2017-11-26,268,193,25
86,2017-11-26,66,407,-25
87,2017-11-26,41,422,-25
88,2017-11-26,386,409,25
89,2017-11-26,480,34,-25
90,2017-11-26,336,449,-25
91,2017-11-26,113,293,-25
92,2017-11-26,408,392,25
93,2017-11-26,191,108,25
94,2017-11-26,391,58,25
95,2017-11-26,408,374,-25
96,2017-11-26,123,365,25
97,2017-11-26,344,173,25
98,2017-11-26,8,130,25
99,2017-11-26,243,254,25
100,2017-11-26,179,203,-25
101,2017-11-26,203,362,-25
102,2017-11-26,106,179,25
103,2017-11-26,246,205,-25
104,2017-11-26,354,417,25
105,2017-11-26,297,389,-25
106,2017-11-26,454,388,-25
107,2017-11-26,300,492,25
108,2017-11-26,244,396,25
109,2017-11-26,455,291,-25
110,2017-11-26,478,190,25
111,2017-11-26,13,393,25
112,2017-11-26,23,343,25
113,2017-11-26,325,397,25
114,2017-11-26,270,295,25
115,2017-11-26,2,101,25
116,2017-11-26,412,286,25
117,2017-11-26,442,96,-25
118,2017-11-26,180,103,25
119,2017-11-26,219,186,-25
120,2017-11-26,26,174,-25
121,2017-11-26,62,432,25
122,2017-11-26,364,434,-25
123,2017-11-26,72,237,-25
124,2017-11-26,177,428,25
125,2017-11-26,160,395,25
126,2017-11-26,330,438,25
127,2017-11-26,61,283,-25
128,2017-11-26,382,259,25
129,2017-11-26,271,116,-25
130,2017-11-26,257,376,-25
131,2017-11-26,61,41,-25
132,2017-11-26,183,277,-25
133,2017-11-26,153,421,25
134,2017-11-26,426,197,25
135,2017-11-26,347,180,25
136,2017-11-26,108,20,25
137,2017-11-26,37,474,25
138,2017-11-26,382,379,-25
139,2017-11-26,248,466,25
140,2017-11-26,181,122,25
141,2017-11-26,57,313,-25
142,2017-11-26,83,372,25
143,2017-11-26,261,377,25
144,2017-11-26,435,34,25
145,2017-11-26,22,207,25
146,2017-11-26,58,334,-25
147,2017-11-26,102,266,-25
148,2017-11-26,462,82,-25
149,2017-11-26,187,270,-25
150,2017-11-26,139,214,25
151,2017-11-26,89,243,25
152,2017-11-26,226,315,25
153,2017-11-26,210,282,25
154,2017-11-26,332,166,25
155,2017-11-26,15,234,25
156,2017-11-26,132,325,25
157,2017-11-26,314,17,25
158,2017-11-26,209,185,-25
159,2017-11-26,162,430,25
160,2017-11-26,424,345,-25
161,2017-11-26,214,350,-25
162,2017-11-26,92,412,25
163,2017-11-26,342,308,25
164,2017-11-26,210,296,-25
165,2017-11-26,387,65,-25
166,2017-11-26,489,345,-25
167,2017-11-26,118,482,-25
168,2017-11-26,43,434,-25
169,2017-11-26,346,318,-25
170,2017-11-26,29,279,25
171,2017-11-26,478,397,25
172,2017-11-26,499,455,-25
173,2017-11-26,117,229,-25
174,2017-11-26,187,84,-25
175,2017-11-26,85,42,-25
176,2017-11-26,211,44,25
177,2017-11-26,126,195,-25
178,2017-11-26,352,110,-25
179,2017-11-26,356,379,25
180,2017-11-26,12,235,-25
181,2017-11-26,247,206,-25
182,2017-11-26,369,334,25
183,2017-11-26,363,375,-25
184,2017-11-26,187,78,-25
185,2017-11-26,63,90,-25
186,2017-11-26,309,120,25
187,2017-11-26,116,293,25
188,2017-11-26,249,248,-25
189,2017-11-26,39,419,25
190,2017-11-26,436,38,-25
191,2017-11-26,402,209,-25
192,2017-11-26,329,227,-25
193,2017-11-26,413,324,25
194,2017-11-26,428,264,-25
195,2017-11-26,238,318,25
196,2017-11-26,134,439,-25
197,2017-11-26,72,207,25
198,2017-11-26,240,137,-25
199,2017-11-26,357,133,25
200,2017-11-26,177,138,25
201,2017-11-26,330,318,25
202,2017-11-26,226,48,25
203,2017-11-26,367,286,-25
204,2017-11-26,429,436,25
205,2017-11-26,256,5,25
206,2017-11-26,477,370,25
207,2017-11-26,376,64,25
208,2017-11-26,132,17,-25
209,2017-11-26,276,67,-25
210,2017-11-26,322,20,-25
211,2017-11-26,339,206,-25
212,2017-11-26,470,249,25
213,2017-11-26,252,55,-25
214,2017-11-26,88,328,25
215,2017-11-26,82,46,25
216,2017-11-26,275,111,25
217,2017-11-26,16,51,-25
218,2017-11-26,88,280,25
219,2017-11-26,411,417,-25
220,2017-11-26,480,166,-25
221,2017-11-26,64,299,25
222,2017-11-26,288,184,-25
223,2017-11-26,222,240,-25
224,2017-11-26,428,305,-25
225,2017-11-26,244,277,25
226,2017-11-26,191,327,-25
227,2017-11-26,411,315,-25
228,2017-11-26,104,113,-25
229,2017-11-26,177,16,25
230,2017-11-26,108,468,25
231,2017-11-26,17,205,25
232,2017-11-26,325,76,-25
233,2017-11-26,87,380,25
234,2017-11-26,398,253,25
235,2017-11-26,144,203,-25
236,2017-11-26,336,31,25
237,2017-11-26,167,148,-25
238,2017-11-26,1,449,25
239,2017-11-26,419,75,-25
240,2017-11-26,70,249,25
241,2017-11-26,285,243,-25
242,2017-11-26,221,293,-25
243,2017-11-26,433,468,25
244,2017-11-26,344,214,25
245,2017-11-26,282,393,-25
246,2017-11-26,61,438,-25
247,2017-11-26,98,170,25
248,2017-11-26,219,343,-25
249,2017-11-26,141,171,25
250,2017-11-26,321,479,25
251,2017-11-26,451,3,-25
252,2017-11-26,35,485,25
253,2017-11-26,298,441,-25
254,2017-11-26,287,467,-25
255,2017-11-26,375,330,-25
256,2017-11-26,318,115,-25
257,2017-11-26,131,365,25
258,2017-11-26,86,484,-25
259,2017-11-26,286,344,-25
260,2017-11-26,64,114,25
261,2017-11-26,42,463,25
262,2017-11-26,308,430,-25
263,2017-11-26,351,491,-25
264,2017-11-26,414,23,25
265,2017-11-26,423,163,-25
266,2017-11-26,462,4,-25
267,2017-11-26,48,199,25
268,2017-11-26,154,286,25
269,2017-11-26,34,193,-25
270,2017-11-26,185,282,-25
271,2017-11-26,32,295,25
272,2017-11-26,8,320,-25
273,2017-11-26,429,22,25
274,2017-11-26,265,9,25
275,2017-11-26,318,150,-25
276,2017-11-26,334,190,25
277,2017-11-26,390,346,25
278,2017-11-26,379,17,-25
279,2017-11-26,87,161,-25
280,2017-11-26,388,428,25
281,2017-11-26,480,385,-25
282,2017-11-26,293,192,-25
283,2017-11-26,467,307,25
284,2017-11-26,34,265,-25
285,2017-11-26,287,415,25
286,2017-11-26,262,102,25
287,2017-11-26,229,457,25
288,2017-11-26,179,493,25
289,2017-11-26,55,397,25
290,2017-11-26,399,72,-25
291,2017-11-26,180,7,25
292,2017-11-26,475,141,25
293,2017-11-26,399,302,-25
294,2017-11-26,320,458,-25
295,2017-11-26,23,353,25
296,2017-11-26,390,379,25
297,2017-11-26,433,393,-25
298,2017-11-26,94,305,25
299,2017-11-26,103,305,-25
300,2017-11-26,112,351,25
301,2017-11-26,441,12,-25
302,2017-11-26,277,456,25
303,2017-11-26,373,304,25
304,2017-11-26,397,258,-25
305,2017-11-26,311,92,25
306,2017-11-26,319,380,25
307,2017-11-26,402,453,-25
308,2017-11-26,84,239,25
309,2017-11-26,396,240,25
310,2017-11-26,189,128,25
311,2017-11-26,295,43,-25
312,2017-11-26,337,60,25
313,2017-11-26,229,325,-25
314,2017-11-26,357,257,-25
315,2017-11-26,245,158,25
316,2017-11-26,486,62,25
317,2017-11-26,379,326,-25
318,2017-11-26,433,398,-25
319,2017-11-26,147,454,25
320,2017-11-26,149,173,-25
321,2017-11-26,257,229,25
322,2017-11-26,428,102,25
323,2017-11-26,235,401,25
324,2017-11-26,407,264,25
325,2017-11-26,53,296,-25
326,2017-11-26,479,442,-25
327,2017-11-26,483,410,-25
328,2017-11-26,45,114,-25
329,2017-11-26,84,258,-25
330,2017-11-26,471,11,-25
331,2017-11-26,131,128,25
332,2017-11-26,363,251,-25
333,2017-11-26,334,192,25
334,2017-11-26,456,444,-25
335,2017-11-26,39,426,25
336,2017-11-26,359,326,25
337,2017-11-26,497,479,-25
338,2017-11-26,280,375,-25
339,2017-11-26,492,241,25
340,2017-11-26,206,294,25
341,2017-11-26,201,151,25
342,2017-11-26,48,268,25
343,2017-11-26,227,67,25
344,2017-11-26,88,459,25
345,2017-11-26,383,20,25
346,2017-11-26,370,190,-25
347,2017-11-26,316,290,25
348,2017-11-26,60,324,25
349,2017-11-26,255,370,-25
350,2017-11-26,496,181,-25
351,2017-11-26,331,390,-25
352,2017-11-26,198,104,25
353,2017-11-26,264,330,25
354,2017-11-26,42,19,-25
355,2017-11-26,150,142,-25
356,2017-11-26,96,226,25
357,2017-11-26,296,208,-25
358,2017-11-26,241,244,-25
359,2017-11-26,453,126,25
360,2017-11-26,482,441,25
361,2017-11-26,169,267,25
362,2017-11-26,306,217,-25
363,2017-11-26,284,344,-25
364,2017-11-26,88,125,25
365,2017-11-26,334,286,24
366,2017-11-26,20,467,-25
367,2017-11-26,86,441,-25
368,2017-11-26,6,124,25
369,2017-11-26,178,479,-25
370,2017-11-26,266,163,-25
371,2017-11-26,329,378,25
372,2017-11-26,368,471,-25
373,2017-11-26,464,424,25
374,2017-11-26,317,179,25
375,2017-11-26,481,434,25
376,2017-11-26,84,408,25
377,2017-11-26,72,373,25
378,2017-11-26,262,166,25
379,2017-11-26,272,63,-25
380,2017-11-26,401,181,-25
381,2017-11-26,114,103,-25
382,2017-11-26,319,28,25
383,2017-11-26,343,25,-25
384,2017-11-26,95,241,25
385,2017-11-26,396,160,-25
386,2017-11-26,499,244,-24
387,2017-11-26,314,329,-25
388,2017-11-26,370,207,-25
389,2017-11-26,359,13,-25
390,2017-11-26,95,139,25
391,2017-11-26,470,235,-25
392,2017-11-26,66,410,-25
393,2017-11-26,355,48,-25
394,2017-11-26,203,73,-25
395,2017-11-26,487,10,25
396,2017-11-26,460,318,25
397,2017-11-26,101,146,-25
398,2017-11-26,487,47,-25
399,2017-11-26,302,303,25
400,2017-11-26,185,406,25
401,2017-11-26,388,198,-25
402,2017-11-26,7,370,25
403,2017-11-26,24,319,25
404,2017-11-26,271,283,25
405,2017-11-26,114,238,25
406,2017-11-26,287,435,-25
407,2017-11-26,245,68,-25
408,2017-11-26,442,7,-25
409,2017-11-26,447,214,25
410,2017-11-26,419,226,-25
411,2017-11-26,129,443,-25
412,2017-11-26,35,50,-25
413,2017-11-26,341,398,25
414,2017-11-26,164,412,25
415,2017-11-26,95,447,25
416,2017-11-26,196,91,25
417,2017-11-26,349,274,-25
418,2017-11-26,273,380,25
419,2017-11-26,496,36,25
420,2017-11-26,174,161,-25
421,2017-11-26,372,76,25
422,2017-11-26,327,119,25
423,2017-11-26,223,222,-25
424,2017-11-26,474,69,-25
425,2017-11-26,324,123,25
426,2017-11-26,418,175,25
427,2017-11-26,396,360,-25
428,2017-11-26,455,282,-25
429,2017-11-26,97,308,-25
430,2017-11-26,136,447,-25
431,2017-11-26,1,69,25
432,2017-11-26,44,6,-25
433,2017-11-26,364,380,-25
434,2017-11-26,20,243,-25
435,2017-11-26,275,360,-25
436,2017-11-26,246,493,-25
437,2017-11-26,250,46,-25
438,2017-11-26,38,109,25
439,2017-11-26,488,124,25
440,2017-11-26,309,468,24
441,2017-11-26,287,255,-25
442,2017-11-26,128,436,-25
443,2017-11-26,425,236,-25
444,2017-11-26,218,35,-25
445,2017-11-26,128,349,-25
446,2017-11-26,421,72,-25
447,2017-11-26,67,368,-25
448,2017-11-26,230,346,25
449,2017-11-26,436,149,-25
450,2017-11-26,279,24,-25
451,2017-11-26,379,313,26
452,2017-11-26,230,384,25
453,2017-11-26,48,376,-25
454,2017-11-26,242,38,25
455,2017-11-26,295,106,26
456,2017-11-26,340,459,25
457,2017-11-26,197,376,26
458,2017-11-26,126,337,-25
459,2017-11-26,273,2,25
460,2017-11-26,274,231,-25
461,2017-11-26,378,458,-25
462,2017-11-26,89,350,25
463,2017-11-26,421,168,25
464,2017-11-26,20,427,-25
465,2017-11-26,204,8,-25
466,2017-11-26,431,75,25
467,2017-11-26,247,101,-25
468,2017-11-26,362,165,-25
469,2017-11-26,287,464,25
470,2017-11-26,36,152,-25
471,2017-11-26,87,95,25
472,2017-11-26,313,272,-25
473,2017-11-26,485,442,-25
474,2017-11-26,169,145,25
475,2017-11-26,406,479,-25
476,2017-11-26,239,63,-25
477,2017-11-26,386,311,-25
478,2017-11-26,6,229,-25
479,2017-11-26,47,337,-25
480,2017-11-26,56,205,25
481,2017-11-26,298,63,25
482,2017-11-26,44,495,25
483,2017-11-26,201,365,-25
484,2017-11-26,88,189,25
485,2017-11-26,323,87,25
486,2017-11-26,491,158,25
487,2017-11-26,15,397,24
488,2017-11-26,187,465,25
489,2017-11-26,13,182,-25
490,2017-11-26,16,62,25
491,2017-11-26,171,206,26
492,2017-11-26,245,277,-25
493,2017-11-26,2,244,25
494,2017-11-26,48,226,-25
495,2017-11-26,65,157,25
496,2017-11-26,326,431,25
497,2017-11-26,410,332,-25
498,2017-11-26,156,336,25
499,2017-11-26,287,148,25
500,2017-11-26,378,274,-25
501,2017-11-26,331,95,-24
502,2017-11-26,126,414,-24
503,2017-11-26,53,257,-25
504,2017-11-26,275,488,-25
505,2017-11-26,46,316,25
506,2017-11-26,466,23,25
507,2017-11-26,251,161,25
508,2017-11-26,167,110,-25
509,2017-11-26,446,473,25
510,2017-11-26,472,18,25
511,2017-11-26,66,284,-25
512,2017-11-26,108,272,-25
513,2017-11-26,377,4,25
514,2017-11-26,212,356,-25
515,2017-11-26,114,150,-25
516,2017-11-26,368,326,25
517,2017-11-26,495,232,-25
518,2017-11-26,214,277,26
519,2017-11-26,339,76,25
520,2017-11-26,481,39,25
521,2017-11-26,76,20,25
522,2017-11-26,187,468,-25
523,2017-11-26,77,478,25
524,2017-11-26,140,241,25
525,2017-11-26,181,427,24
526,2017-11-26,130,150,-25
527,2017-11-26,90,80,-25
528,2017-11-26,89,450,25
529,2017-11-26,344,438,-26
530,2017-11-26,399,403,25
531,2017-11-26,378,449,-25
532,2017-11-26,210,1,25
533,2017-11-26,129,386,25
534,2017-11-26,426,407,25
535,2017-11-26,245,187,-25
536,2017-11-26,358,294,25
537,2017-11-26,139,185,25
538,2017-11-26,169,292,-25
539,2017-11-26,167,90,-25
540,2017-11-26,294,108,25
541,2017-11-26,96,478,-25
542,2017-11-26,326,241,-26
543,2017-11-26,292,114,-25
544,2017-11-26,61,417,26
545,2017-11-26,382,443,25
546,2017-11-26,404,129,-25
547,2017-11-26,408,29,-25
548,2017-11-26,67,311,-25
549,2017-11-26,134,43,-25
550,2017-11-26,246,492,25
551,2017-11-26,293,114,25
552,2017-11-26,204,393,-25
553,2017-11-26,117,77,-25
554,2017-11-26,321,385,-25
555,2017-11-26,372,294,25
556,2017-11-26,216,264,-25
557,2017-11-26,122,201,25
558,2017-11-26,26,120,25
559,2017-11-26,364,346,25
560,2017-11-26,465,362,-25
561,2017-11-26,8,152,25
562,2017-11-26,150,266,-25
563,2017-11-26,492,250,25
564,2017-11-26,265,247,-26
565,2017-11-26,334,264,25
566,2017-11-26,35,141,25
567,2017-11-26,285,269,25
568,2017-11-26,63,439,25
569,2017-11-26,85,317,-25
570,2017-11-26,163,193,-25
571,2017-11-26,453,459,24
572,2017-11-26,150,372,-25
573,2017-11-26,243,272,25
574,2017-11-26,58,359,25
575,2017-11-26,96,355,25
576,2017-11-26,20,12,-24
577,2017-11-26,119,73,-25
578,2017-11-26,196,232,25
579,2017-11-26,55,103,25
580,2017-11-26,103,332,26
581,2017-11-26,342,329,-25
582,2017-11-26,160,90,25
583,2017-11-26,76,458,-25
584,2017-11-26,451,456,-25
585,2017-11-26,330,440,-25
586,2017-11-26,51,213,-25
587,2017-11-26,47,304,-25
588,2017-11-26,341,82,-25
589,2017-11-26,21,366,25
590,2017-11-26,464,148,25
591,2017-11-26,76,401,-25
592,2017-11-26,12,218,25
593,2017-11-26,118,66,-25
594,2017-11-26,79,206,-25
595,2017-11-26,61,82,-24
596,2017-11-26,80,354,-25
597,2017-11-26,198,469,25
598,2017-11-26,408,40,25
599,2017-11-26,386,172,-25
600,2017-11-26,452,127,25
601,2017-11-26,303,70,25
602,2017-11-26,225,259,25
603,2017-11-26,351,128,-25
604,2017-11-26,171,201,25
605,2017-11-26,318,248,-24
606,2017-11-26,316,106,-25
607,2017-11-26,115,197,25
608,2017-11-26,287,78,-25
609,2017-11-26,235,14,-25
610,2017-11-26,263,23,-25
611,2017-11-26,463,374,25
612,2017-11-26,93,500,25
613,2017-11-26,123,326,-25
614,2017-11-26,426,441,-25
615,2017-11-26,342,248,25
616,2017-11-26,8,484,25
617,2017-11-26,442,28,25
618,2017-11-26,23,433,25
619,2017-11-26,421,293,25
620,2017-11-26,431,213,-25
621,2017-11-26,350,131,-25
622,2017-11-26,471,303,25
623,2017-11-26,129,302,-25
624,2017-11-26,493,78,-25
625,2017-11-26,302,435,-25
626,2017-11-26,238,86,-25
627,2017-11-26,165,211,25
628,2017-11-26,374,235,25
629,2017-11-26,418,34,-26
630,2017-11-26,92,452,-25
631,2017-11-26,240,435,26
632,2017-11-26,314,31,25
633,2017-11-26,277,498,-25
634,2017-11-26,328,458,-24
635,2017-11-26,356,494,-25
636,2017-11-26,323,474,-25
637,2017-11-26,358,270,25
638,2017-11-26,402,57,25
639,2017-11-26,172,73,25
640,2017-11-26,203,206,-25
641,2017-11-26,151,187,-25
642,2017-11-26,16,209,-25
643,2017-11-26,206,188,24
644,2017-11-26,439,170,-25
645,2017-11-26,446,212,25
646,2017-11-26,277,77,-25
647,2017-11-26,96,433,-26
648,2017-11-26,448,319,-25
649,2017-11-26,227,356,25
650,2017-11-26,360,130,-25
651,2017-11-26,334,161,25
652,2017-11-26,41,19,-25
653,2017-11-26,162,186,-25
654,2017-11-26,299,471,-25
655,2017-11-26,289,328,25
656,2017-11-26,90,444,-25
657,2017-11-26,409,14,-25
658,2017-11-26,474,243,-24
659,2017-11-26,334,459,-27
660,2017-11-26,84,34,-25
661,2017-11-26,204,169,-25
662,2017-11-26,131,2,-25
663,2017-11-26,43,101,25
664,2017-11-26,476,491,-25
665,2017-11-26,59,144,-25
666,2017-11-26,144,151,25
667,2017-11-26,252,394,-25
668,2017-11-26,380,371,-25
669,2017-11-26,180,449,25
670,2017-11-26,313,140,25
671,2017-11-26,409,440,26
672,2017-11-26,152,60,-25
673,2017-11-26,338,149,-25
674,2017-11-26,206,476,24
675,2017-11-26,98,327,-25
676,2017-11-26,281,78,-25
677,2017-11-26,216,173,25
678,2017-11-26,388,88,-24
679,2017-11-26,254,440,-25
680,2017-11-26,30,125,-25
681,2017-11-26,448,384,-25
682,2017-11-26,456,194,25
683,2017-11-26,87,242,25
684,2017-11-26,46,59,-25
685,2017-11-26,444,316,-25
686,2017-11-26,90,33,-25
687,2017-11-26,157,330,-25
688,2017-11-26,469,341,-25
689,2017-11-26,9,162,-25
690,2017-11-26,239,500,-25
691,2017-11-26,141,434,25
692,2017-11-26,445,20,24
693,2017-11-26,255,117,-25
694,2017-11-26,178,421,-25
695,2017-11-26,253,320,25
696,2017-11-26,15,58,25
697,2017-11-26,374,416,25
698,2017-11-26,333,33,-25
699,2017-11-26,111,234,25
700,2017-11-26,22,443,-25
701,2017-11-26,314,365,25
702,2017-11-26,253,122,-25
703,2017-11-26,318,362,-24
704,2017-11-26,196,413,-25
705,2017-11-26,179,182,25
706,2017-11-26,359,112,25
707,2017-11-26,416,176,-25
708,2017-11-26,219,316,25
709,2017-11-26,71,142,-25
710,2017-11-26,466,460,-25
711,2017-11-26,163,445,-25
712,2017-11-26,110,420,-25
713,2017-11-26,103,91,-25
714,2017-11-26,300,60,-25
715,2017-11-26,244,98,-25
716,2017-11-26,13,338,-25
717,2017-11-26,182,398,-25
718,2017-11-26,57,255,-25
719,2017-11-26,338,30,-25
720,2017-11-26,186,461,-25
721,2017-11-26,322,156,25
722,2017-11-26,96,425,-25
723,2017-11-26,355,365,-25
724,2017-11-26,11,93,25
725,2017-11-26,107,383,-25
726,2017-11-26,73,142,25
727,2017-11-26,418,193,25
728,2017-11-26,102,397,25
729,2017-11-26,369,228,25
730,2017-11-26,215,354,25
731,2017-11-26,373,393,25
732,2017-11-26,459,355,25
733,2017-11-26,383,396,-26
734,2017-11-26,347,336,25
735,2017-11-26,306,354,-25
736,2017-11-26,136,303,25
737,2017-11-26,182,148,-25
738,2017-11-26,424,308,25
739,2017-11-26,384,356,-25
740,2017-11-26,196,311,25
741,2017-11-26,19,464,25
742,2017-11-26,4,477,25
743,2017-11-26,241,189,-25
744,2017-11-26,217,75,25
745,2017-11-26,166,209,-25
746,2017-11-26,441,16,-25
747,2017-11-26,437,32,25
748,2017-11-26,80,489,-25
749,2017-11-26,19,37,25
750,2017-11-26,223,288,25
751,2017-11-26,378,329,27
752,2017-11-26,166,248,25
753,2017-11-26,263,369,25
754,2017-11-26,196,281,25
755,2017-11-26,309,55,25
756,2017-11-26,144,85,25
757,2017-11-26,320,409,25
758,2017-11-26,56,218,-25
759,2017-11-26,360,429,25
760,2017-11-26,453,94,-25
761,2017-11-26,428,489,-24
762,2017-11-26,171,356,-25
763,2017-11-26,462,500,-25
764,2017-11-26,438,231,-25
765,2017-11-26,23,340,25
766,2017-11-26,498,336,25
767,2017-11-26,382,363,25
768,2017-11-26,489,67,25
769,2017-11-26,498,217,25
770,2017-11-26,395,365,25
771,2017-11-26,179,30,-25
772,2017-11-26,451,344,25
773,2017-11-26,370,120,-25
774,2017-11-26,405,411,-25
775,2017-11-26,48,260,-25
776,2017-11-26,258,156,-25
777,2017-11-26,43,221,25
778,2017-11-26,229,405,25
779,2017-11-26,277,37,-25
780,2017-11-26,190,111,25
781,2017-11-26,328,271,-25
782,2017-11-26,80,419,-25
783,2017-11-26,132,253,25
784,2017-11-26,279,129,25
785,2017-11-26,217,399,-25
786,2017-11-26,221,219,25
787,2017-11-26,331,166,25
788,2017-11-26,410,467,25
789,2017-11-26,18,174,-25
790,2017-11-26,249,275,25
791,2017-11-26,115,87,-25
792,2017-11-26,484,184,25
793,2017-11-26,4,58,-25
794,2017-11-26,184,481,25
795,2017-11-26,63,289,-25
796,2017-11-26,463,304,-25
797,2017-11-26,481,347,25
798,2017-11-26,6,200,25
799,2017-11-26,496,216,-25
800,2017-11-26,105,447,-25
801,2017-11-26,455,23,25
802,2017-11-26,351,93,-25
803,2017-11-26,50,336,25
804,2017-11-26,500,449,25
805,2017-11-26,408,278,25
806,2017-11-26,156,235,25
807,2017-11-26,425,449,-25
808,2017-11-26,116,255,-25
809,2017-11-26,400,267,-25
810,2017-11-26,165,250,25
811,2017-11-26,473,368,25
812,2017-11-26,59,113,25
813,2017-11-26,169,275,24
814,2017-11-26,231,114,-25
815,2017-11-26,433,296,-25
816,2017-11-26,239,338,-25
817,2017-11-26,401,148,-25
818,2017-11-26,331,136,-25
819,2017-11-26,283,115,-25
820,2017-11-26,50,341,-25
821,2017-11-26,394,197,25
822,2017-11-26,362,330,25
823,2017-11-26,457,345,26
824,2017-11-26,315,15,25
825,2017-11-26,99,96,25
826,2017-11-26,90,218,25
827,2017-11-26,243,10,25
828,2017-11-26,261,167,-26
829,2017-11-26,271,308,24
830,2017-11-26,72,56,-25
831,2017-11-26,79,78,26
832,2017-11-26,99,104,-25
833,2017-11-26,103,225,-25
834,2017-11-26,407,41,25
835,2017-11-26,64,394,25
836,2017-11-26,450,131,25
837,2017-11-26,228,154,25
838,2017-11-26,178,67,-25
839,2017-11-26,329,384,25
840,2017-11-26,82,353,-26
841,2017-11-26,434,262,-25
842,2017-11-26,29,64,25
843,2017-11-26,3,461,25
844,2017-11-26,167,384,25
845,2017-11-26,355,8,26
846,2017-11-26,440,296,-25
847,2017-11-26,277,320,-25
848,2017-11-26,140,91,-25
849,2017-11-26,236,229,-25
850,2017-11-26,34,266,25
851,2017-11-26,287,449,25
852,2017-11-26,149,139,-25
853,2017-11-26,153,276,-25
854,2017-11-26,15,375,25
855,2017-11-26,145,295,-25
856,2017-11-26,264,337,25
857,2017-11-26,11,170,25
858,2017-11-26,470,76,25
859,2017-11-26,56,89,-25
860,2017-11-26,58,483,-25
861,2017-11-26,400,122,-25
862,2017-11-26,417,268,25
863,2017-11-26,71,169,-25
864,2017-11-26,384,80,-25
865,2017-11-26,349,70,-25
866,2017-11-26,79,401,25
867,2017-11-26,111,475,-25
868,2017-11-26,7,130,25
869,2017-11-26,430,24,-25
870,2017-11-26,119,152,25
871,2017-11-26,160,454,24
872,2017-11-26,306,303,-25
873,2017-11-26,297,378,-25
874,2017-11-26,228,81,-25
875,2017-11-26,286,395,25
876,2017-11-26,111,145,-25
877,2017-11-26,281,420,-25
878,2017-11-26,3,337,-25
879,2017-11-26,341,26,-25
880,2017-11-26,239,144,26
881,2017-11-26,220,173,25
882,2017-11-26,205,188,25
883,2017-11-26,186,216,-25
884,2017-11-26,78,454,-26
885,2017-11-26,307,197,-25
886,2017-11-26,378,220,-25
887,2017-11-26,87,379,24
888,2017-11-26,303,337,25
889,2017-11-26,102,279,-25
890,2017-11-26,108,277,25
891,2017-11-26,472,47,25
892,2017-11-26,436,92,25
893,2017-11-26,146,434,-25
894,2017-11-26,416,455,-25
895,2017-11-26,16,17,25
896,2017-11-26,13,298,25
897,2017-11-26,450,413,25
898,2017-11-26,219,115,-24
899,2017-11-26,97,297,-25
900,2017-11-26,50,349,-25
901,2017-11-26,499,366,-25
902,2017-11-26,132,374,25
903,2017-11-26,64,364,25
904,2017-11-26,39,77,25
905,2017-11-26,254,370,25
906,2017-11-26,254,194,25
907,2017-11-26,291,39,-25
908,2017-11-26,453,5,25
909,2017-11-26,439,227,-24
910,2017-11-26,471,413,25
911,2017-11-26,429,286,25
912,2017-11-26,184,288,25
913,2017-11-26,98,307,-25
914,2017-11-26,94,403,25
915,2017-11-26,54,13,25
916,2017-11-26,240,101,25
917,2017-11-26,334,302,25
918,2017-11-26,443,269,-25
919,2017-11-26,478,174,-25
920,2017-11-26,220,350,-25
921,2017-11-26,218,435,-25
922,2017-11-26,211,24,25
923,2017-11-26,83,321,25
924,2017-11-26,333,83,-25
925,2017-11-26,419,154,25
926,2017-11-26,175,283,25
927,2017-11-26,484,207,25
928,2017-11-26,307,130,25
929,2017-11-26,239,249,25
930,2017-11-26,337,239,25
931,2017-11-26,220,204,-26
932,2017-11-26,5,294,25
933,2017-11-26,207,420,26
934,2017-11-26,116,247,25
935,2017-11-26,13,207,-25
936,2017-11-26,112,65,-25
937,2017-11-26,427,349,-25
938,2017-11-26,116,464,25
939,2017-11-26,225,122,-25
940,2017-11-26,9,287,-25
941,2017-11-26,230,166,24
942,2017-11-26,480,482,-24
943,2017-11-26,111,201,-25
944,2017-11-26,90,483,25
945,2017-11-26,172,231,25
946,2017-11-26,220,437,25
947,2017-11-26,250,125,-25
948,2017-11-26,72,316,-25
949,2017-11-26,435,255,25
950,2017-11-26,268,202,25
951,2017-11-26,10,441,25
952,2017-11-26,205,308,-25
953,2017-11-26,113,79,25
954,2017-11-26,257,482,-25
955,2017-11-26,180,323,-25
956,2017-11-26,125,238,-26
957,2017-11-26,396,66,-25
958,2017-11-26,384,36,25
959,2017-11-26,121,300,25
960,2017-11-26,268,364,-25
961,2017-11-26,26,81,-25
962,2017-11-26,453,477,25
963,2017-11-26,330,420,25
964,2017-11-26,481,234,24
965,2017-11-26,459,152,25
966,2017-11-26,193,216,25
967,2017-11-26,484,99,25
968,2017-11-26,294,80,25
969,2017-11-26,262,320,25
970,2017-11-26,472,436,-25
971,2017-11-26,345,328,24
972,2017-11-26,50,356,25
973,2017-11-26,451,445,-25
974,2017-11-26,92,431,25
975,2017-11-26,402,388,25
976,2017-11-26,53,358,-24
977,2017-11-26,326,20,-26
978,2017-11-26,75,329,-24
979,2017-11-26,412,66,25
980,2017-11-26,345,471,25
981,2017-11-26,338,498,-25
982,2017-11-26,219,282,25
983,2017-11-26,152,387,-25
984,2017-11-26,469,375,25
985,2017-11-26,14,41,-25
986,2017-11-26,357,142,25
987,2017-11-26,4,89,-25
988,2017-11-26,180,177,-25
989,2017-11-26,406,246,25
990,2017-11-26,141,499,-25
991,2017-11-26,205,85,25
992,2017-11-26,241,392,25
993,2017-11-26,17,56,-25
994,2017-11-26,328,76,-25
995,2017-11-26,282,272,-25
996,2017-11-26,170,422,25
997,2017-11-26,211,297,-25
998,2017-11-26,36,118,25
999,2017-11-26,471,380,-26
1000,2017-11-26,277,292,-24
